occ_code,title,observed_exposure
11-1031,Legislators,0.0
15-1251,Computer Programmers,0.7451
11-1011,Chief Executives,0.0333
11-1021,General and Operations Managers,0.1378
11-2011,Advertising and Promotions Managers,0.1731
11-2021,Marketing Managers,0.3195
11-2022,Sales Managers,0.0433
11-2032,Public Relations Managers,0.2315
11-3012,Administrative Services Managers,0.0
11-3013,Facilities Managers,0.1345
11-3021,Computer and Information Systems Managers,0.1559
11-3031,Financial Managers,0.3907
11-3051,Industrial Production Managers,0.0132
11-3061,Purchasing Managers,0.2004
11-3071,"Transportation, Storage, and Distribution Managers",0.0956
11-3111,Compensation and Benefits Managers,0.0
11-3121,Human Resources Managers,0.0
11-3131,Training and Development Managers,0.3777
11-9013,"Farmers, Ranchers, and Other Agricultural Managers",0.0
11-9021,Construction Managers,0.1186
11-9031,"Education and Childcare Administrators, Preschool and Daycare",0.0395
11-9032,"Education Administrators, Kindergarten through Secondary",0.0525
11-9033,"Education Administrators, Postsecondary",0.0644
11-9041,Architectural and Engineering Managers,0.0306
11-9051,Food Service Managers,0.0
