major_group,rows,valid_n,mean
15,21,21,0.378747619047619
41,20,20,0.236095
23,7,7,0.21575714285714284
43,50,50,0.19056599999999999
13,29,29,0.17663448275862068
27,34,34,0.14241470588235294
25,57,57,0.1292964912280702
19,46,46,0.12191086956521739
11,35,35,0.09744857142857143
21,12,12,0.051616666666666665
31,16,16,0.04938125
29,65,65,0.041084615384615386
17,34,34,0.03807058823529412
37,8,8,0.0247375
39,27,27,0.01914814814814815
33,21,21,0.011876190476190476
35,15,15,0.009426666666666667
51,98,98,0.0077632653061224495
49,50,50,0.00712
53,44,44,0.006452272727272728
47,56,56,0.0040375
45,11,11,0.0018454545454545453
